task,registration,loss,fold,repository_path,bytes,sha256
task_1,elx,mae,0,models/checkpoints/Task_1/ELX/MAE/CV_0.pt,313376942,fbf9557186d6093d4f7de9e334c7f460a0c927bb6b7c183fc023b57d9acf7ed5
task_1,elx,mae,1,models/checkpoints/Task_1/ELX/MAE/CV_1.pt,313376942,67e3e3df4d23ab08bab347f776b508c79776c14051ea8aeb87a77c88789179ea
task_1,elx,mae,2,models/checkpoints/Task_1/ELX/MAE/CV_2.pt,313376942,2882ff4994650189207697cefe204a959b3f4fefeea74554731d065c7b8ba66b
task_1,elx,mae,3,models/checkpoints/Task_1/ELX/MAE/CV_3.pt,313376942,8eaa13ae17ce6f2a2f240f95a8feb4821b7918849865461bafa233f500f52d1e
task_1,elx,mae,4,models/checkpoints/Task_1/ELX/MAE/CV_4.pt,313376942,6a26cafdaf66a5d0c3eacc90342aa11001533893017cb9b0613dd029fd4594ba
task_1,elx,sam,0,models/checkpoints/Task_1/ELX/SAM/CV_0.pt,313376942,577ab5f9db6c9a392c96aaca9812959b09e0d928e99aff7637a32ecabc5bb289
task_1,elx,sam,1,models/checkpoints/Task_1/ELX/SAM/CV_1.pt,313376942,3ecc96042a91fae25bd3d1ed9fc7fe716c7b08a40c01b9a0721389dcccbf1fc6
task_1,elx,sam,2,models/checkpoints/Task_1/ELX/SAM/CV_2.pt,313376942,b4a45268f5ad419e003079911f96f3385ef1dc4115d3ebf83a1311e0d0862fc2
task_1,elx,sam,3,models/checkpoints/Task_1/ELX/SAM/CV_3.pt,313376942,3965f0422ac9b9aff7a397a28292f4ae737f31b249d27f2b5fbfa23bb19f75cd
task_1,elx,sam,4,models/checkpoints/Task_1/ELX/SAM/CV_4.pt,313376942,d6ed80a4c4f26b9cdb3eb195c68cd90cc503d5865788fec13c508e8c1901152b
task_1,impact,mae,0,models/checkpoints/Task_1/IMPACT/MAE/CV_0.pt,313376942,748311c075fbcfe8ed3d18b0ae9357e0f184865a94d5cae1e599f1b748c541c6
task_1,impact,mae,1,models/checkpoints/Task_1/IMPACT/MAE/CV_1.pt,313376942,986bdf724d3b9a1787cd643e3c022c9ee90daaabbfb61823b34c094863930e07
task_1,impact,mae,2,models/checkpoints/Task_1/IMPACT/MAE/CV_2.pt,313376942,6f456b77872ae668064dd695825635051299d03e369c24eef3ca5e54cf921861
task_1,impact,mae,3,models/checkpoints/Task_1/IMPACT/MAE/CV_3.pt,313376942,ffc0b7d952bc84085a395ee08c0f1d63515dbca613c0f01e27bc144ca6440c44
task_1,impact,mae,4,models/checkpoints/Task_1/IMPACT/MAE/CV_4.pt,313376942,267dcb0f621b3bf81968782397f5b3c2cd3515735975402e9950f21310dc9789
task_1,impact,sam,0,models/checkpoints/Task_1/IMPACT/SAM/CV_0.pt,313376942,5bc642f2d429ab02f0bef29d83bdeb1002c11d6a18efb76567d6fd21b73c082b
task_1,impact,sam,1,models/checkpoints/Task_1/IMPACT/SAM/CV_1.pt,313376942,22ddcd08bafce9d0ed19c9f501a3a6fe70a55e4424f6d9bc6aa99612fa49bd62
task_1,impact,sam,2,models/checkpoints/Task_1/IMPACT/SAM/CV_2.pt,313376942,93ea309a5305d3bfb960b1df656455f1eb8b16862a91d70599deaceaa27ae04b
task_1,impact,sam,3,models/checkpoints/Task_1/IMPACT/SAM/CV_3.pt,313376942,e8cd661cfe279de3aeaad4c042dc71d37c255bf7422240d1dc0de95b3daeaf36
task_1,impact,sam,4,models/checkpoints/Task_1/IMPACT/SAM/CV_4.pt,313376942,ac553dcc216644ba85c967b159802095ec18fe1014ad7cda92fdef31c44cca27
task_1,impact,vgg,0,models/checkpoints/Task_1/IMPACT/VGG/CV_0.pt,313376942,e8d9c4a0a740dee43a31b3774018bff8fe99626957ecfcac8574f560118dc8fc
task_1,impact,vgg,1,models/checkpoints/Task_1/IMPACT/VGG/CV_1.pt,313376750,25e4b72e819859162697c0da56a9e2d27f1d7f172ee612bc09d0a743bc4d834d
task_1,impact,vgg,2,models/checkpoints/Task_1/IMPACT/VGG/CV_2.pt,313376750,d59b320b0792f5448720579eae93451d0d9e805e1fac847e3cfe6bfd8fbed947
task_1,impact,vgg,3,models/checkpoints/Task_1/IMPACT/VGG/CV_3.pt,313376942,ad5eea102cf67cd3574dd0ab610b8fbde5085982f38e8f791ed0a72630725ae9
task_1,impact,vgg,4,models/checkpoints/Task_1/IMPACT/VGG/CV_4.pt,313376942,77c7e3139ff8e9e86dd159c031cceb240c48bb779de37fabff9b946793464a12
task_2,elx,mae,0,models/checkpoints/Task_2/ELX/MAE/CV_0.pt,313376942,1cb2c33268dd830f5c3f94ad019b222434963921898c95a2edbd89e008620dd5
task_2,elx,mae,1,models/checkpoints/Task_2/ELX/MAE/CV_1.pt,313376942,f12bb7236c4b6b2560841f0c1ed7be89bd57b51d7d541762a456ba0bac10fe8d
task_2,elx,mae,2,models/checkpoints/Task_2/ELX/MAE/CV_2.pt,313376942,084d641c5300eac5732b868c630f7752410632795c2961f567bc22c254d3eef8
task_2,elx,mae,3,models/checkpoints/Task_2/ELX/MAE/CV_3.pt,313376942,0e49b9b2c5f91afbdd124896cff44d0d8644bc63f8f0365b455460d58d641c0c
task_2,elx,mae,4,models/checkpoints/Task_2/ELX/MAE/CV_4.pt,313376942,8487b7f90290ab2c1d48370aeea013230f663bd3f7ffbbfbf7444f6f7342ffd5
task_2,elx,sam,0,models/checkpoints/Task_2/ELX/SAM/CV_0.pt,313376942,862bb78aabcd6d621a3925099d1521743957ded9463ccd0018fac579e5c692e2
task_2,elx,sam,1,models/checkpoints/Task_2/ELX/SAM/CV_1.pt,313376942,afacf3816b74b7bc4ca27a05ab81679da5bf955f8edfc74b5551537309ac305d
task_2,elx,sam,2,models/checkpoints/Task_2/ELX/SAM/CV_2.pt,313376942,30d1b11e23164d92dd173514da1b323ef571a401aa9cf127f85cb3a68ba61480
task_2,elx,sam,3,models/checkpoints/Task_2/ELX/SAM/CV_3.pt,313376942,471c17add4da5c8f5e8ca9ebd981e0bda855ad7dd0681b22bc0842921916794e
task_2,elx,sam,4,models/checkpoints/Task_2/ELX/SAM/CV_4.pt,313376942,4b5f63cbb69ef3b015e2990bb2fdefab31def597a171460ad61a58e51b36bc56
task_2,impact,mae,0,models/checkpoints/Task_2/IMPACT/MAE/CV_0.pt,313376942,0c2dcddb3031d3d6dc1a70dcc3d3aff49a737a33b6f7df3564b9cc11b73df5e2
task_2,impact,mae,1,models/checkpoints/Task_2/IMPACT/MAE/CV_1.pt,313376942,906c00eb4faca69d7787fd6ee51cb6ab45996e61634237314f3289fe62082c36
task_2,impact,mae,2,models/checkpoints/Task_2/IMPACT/MAE/CV_2.pt,313376942,d0be84ebff921216b4fa186f55e68430abe8d2d228dda682842716eb2c4ebe55
task_2,impact,mae,3,models/checkpoints/Task_2/IMPACT/MAE/CV_3.pt,313376942,9cf7d40664e0f3a341b384f6c27b11f78dfcc1a3ad3e24cf372b41d034692270
task_2,impact,mae,4,models/checkpoints/Task_2/IMPACT/MAE/CV_4.pt,313376942,c5fdd31b71097d248e86f71bfa27201896fdc1d57f9a59c05efe0936fa48012b
task_2,impact,sam,0,models/checkpoints/Task_2/IMPACT/SAM/CV_0.pt,313376942,a9bccba7599b7c79e71b54bcdd862b6faee216350eee2f96aa6c572f0a40ab06
task_2,impact,sam,1,models/checkpoints/Task_2/IMPACT/SAM/CV_1.pt,313376942,b5142cdf4e898dfe2a2b9b330cafcfb588912f53eebd673e22ebb37c0ba003ee
task_2,impact,sam,2,models/checkpoints/Task_2/IMPACT/SAM/CV_2.pt,313376942,e55b7484f55ab1b051af74bc64dfb67a75dad633a8b4000db4552e981b8a2118
task_2,impact,sam,3,models/checkpoints/Task_2/IMPACT/SAM/CV_3.pt,313376942,2372f1ad70409b8dc4ba9b94fce2b37bd7c0262739ca534b03495af3d6ada140
task_2,impact,sam,4,models/checkpoints/Task_2/IMPACT/SAM/CV_4.pt,313376942,86138b05b666b7b59bcf515083f87918ba225a207d37cf052ebd94c7bc95c3be
task_2,impact,vgg,0,models/checkpoints/Task_2/IMPACT/VGG/CV_0.pt,313376942,de8483f33c71a7f353fe229f2dde781ea02b2a3f5c29692f8d913c783c3fb853
task_2,impact,vgg,1,models/checkpoints/Task_2/IMPACT/VGG/CV_1.pt,313376942,7f525d7ee9513182dd32a2a93cf70c5529ebf6bea83f9eeb9e56bbee43106592
task_2,impact,vgg,2,models/checkpoints/Task_2/IMPACT/VGG/CV_2.pt,313376942,c8208439e720d41d31bac47766ffac01cd048bbfb2358a3665cf53f55a6dbfda
task_2,impact,vgg,3,models/checkpoints/Task_2/IMPACT/VGG/CV_3.pt,313376942,52f8f95debe0c43f001925c626d494babd59747aa98fee744071d4eacc20c237
task_2,impact,vgg,4,models/checkpoints/Task_2/IMPACT/VGG/CV_4.pt,313376942,1fb4288f5eece95ca01f7f003838951d69e2e8c541cc902fc36b02e493c9926e
